<?xml version="1.0" encoding="UTF-8" standalone="yes"?>
<manifest>
  <control namespace="CathalTemp" constructor="TextControl" version="0.0.2" display-name-key="TextControl" description-key="TextControl description" control-type="virtual" api-version="1.3.3">
    <external-service-usage enabled="false"/>
    <property name="sampleProperty" display-name-key="Property_Display_Key" description-key="Property_Desc_Key" of-type="SingleLine.Text" usage="bound" required="true"/>
    <resources>
      <code path="bundle.js" order="1"/>
      <platform-library name="React" version="16.8.6"/>
      <platform-library name="Fluent" version="8.29.0"/>
      <css path="css/TextControl.css" order="1"/>
    </resources>
    <built-by name="pac" version="1.10.4"/>
  </control>
</manifest>